<?xml version="1.0" encoding="UTF-8"?>
<project-private xmlns="http://www.netbeans.org/ns/project-private/1">
    <editor-bookmarks xmlns="http://www.netbeans.org/ns/editor-bookmarks/2" lastBookmarkId="0"/>
    <open-files xmlns="http://www.netbeans.org/ns/projectui-open-files/2">
        <group>
            <file>file:/C:/Users/dubs2/OneDrive/Documents/NetBeansProjects/HealthcareMonitoringSystem/HealthcareMonitoringSystem/src/healthcaregui/DeleteLink.java</file>
            <file>file:/C:/Users/dubs2/OneDrive/Documents/NetBeansProjects/HealthcareMonitoringSystem/HealthcareMonitoringSystem/src/healthcaregui/InsertVitalReadings.java</file>
            <file>file:/C:/Users/dubs2/OneDrive/Documents/NetBeansProjects/HealthcareMonitoringSystem/HealthcareMonitoringSystem/src/healthcaregui/AddNewUser.java</file>
            <file>file:/C:/Users/dubs2/OneDrive/Documents/NetBeansProjects/HealthcareMonitoringSystem/HealthcareMonitoringSystem/src/healthcaregui/LoginForm.java</file>
            <file>file:/C:/Users/dubs2/OneDrive/Documents/NetBeansProjects/HealthcareMonitoringSystem/HealthcareMonitoringSystem/src/healthcaregui/HealthCareGUI.java</file>
        </group>
    </open-files>
</project-private>
